{
  "confusion_matrix": [
    "true negative: 710325",
    "false positive: 45248",
    "false negative: 63457",
    "true positive: 175235"
  ],
  "accuracy": 0.8906679808702911,
  "recall": 0.7341469341243109,
  "precision": 0.7947778286761338,
  "specificity": 0.9401143238310528,
  "NPV": 0.9179911137762315,
  "f1": 0.7632601949147928,
  "ROC AUC": 0.8371306289776818,
  "MCC": 0.6932477794911758
}