{
  "confusion_matrix": [
    "true negative: 11716248",
    "false positive: 2717",
    "false negative: 38102",
    "true positive: 359719"
  ],
  "accuracy": 0.9966312023667002,
  "recall": 0.9042232561880846,
  "precision": 0.9925035040669249,
  "specificity": 0.9997681535869422,
  "NPV": 0.9967584766490704,
  "f1": 0.9463089455276308,
  "ROC AUC": 0.9519957048875133,
  "MCC": 0.9456660787954106
}