{
  "confusion_matrix": [
    "true negative: 1204144",
    "false positive: 8828",
    "false negative: 12499",
    "true positive: 186411"
  ],
  "accuracy": 0.9848946300044905,
  "recall": 0.9371625358202202,
  "precision": 0.954783624173449,
  "specificity": 0.9927220084222884,
  "NPV": 0.9897266494772912,
  "f1": 0.9458910209083367,
  "ROC AUC": 0.9649422721212544,
  "MCC": 0.9371688777088607
}