{
  "confusion_matrix": [
    "true negative: 11716347",
    "false positive: 2618",
    "false negative: 42212",
    "true positive: 355609"
  ],
  "accuracy": 0.9963001739900333,
  "recall": 0.8938919765422138,
  "precision": 0.9926917848180065,
  "specificity": 0.9997766014319523,
  "NPV": 0.9964101043333626,
  "f1": 0.9407048229742027,
  "ROC AUC": 0.9468342889870831,
  "MCC": 0.9401751319565229
}